-- MySQL Script generated by MySQL Workbench
-- Fri Dec  1 21:01:34 2017
-- Model: New Model    Version: 1.0
-- MySQL Workbench Forward Engineering

SET @OLD_UNIQUE_CHECKS=@@UNIQUE_CHECKS, UNIQUE_CHECKS=0;
SET @OLD_FOREIGN_KEY_CHECKS=@@FOREIGN_KEY_CHECKS, FOREIGN_KEY_CHECKS=0;
SET @OLD_SQL_MODE=@@SQL_MODE, SQL_MODE='TRADITIONAL,ALLOW_INVALID_DATES';

-- -----------------------------------------------------
-- Schema mydb
-- -----------------------------------------------------

-- -----------------------------------------------------
-- Schema mydb
-- -----------------------------------------------------
CREATE SCHEMA IF NOT EXISTS `mydb` DEFAULT CHARACTER SET utf8 ;
USE `mydb` ;

-- -----------------------------------------------------
-- Table `mydb`.`User`
-- -----------------------------------------------------
CREATE TABLE IF NOT EXISTS `mydb`.`User` (
  `idUser` INT NOT NULL AUTO_INCREMENT,
  `username` VARCHAR(40) NOT NULL,
  `password` VARCHAR(40) NOT NULL,
  `email` VARCHAR(40) NOT NULL,
  PRIMARY KEY (`idUser`),
  UNIQUE INDEX `username_UNIQUE` (`username` ASC))
ENGINE = InnoDB;

--
-- Dumping data untuk tabel `user`
--

INSERT INTO `user` (`idUser`, `username`, `password`, `email`) VALUES
(1, 'FaizinAhsan', '202cb962ac59075b964b07152d234b70', 'faizin110998@gmail.com'),
(2, 'Satrio', '81dc9bdb52d04dc20036dbd8313ed055', 'Satrio@gmail.com');

-- -----------------------------------------------------
-- Table `mydb`.`Kategori`
-- -----------------------------------------------------
CREATE TABLE IF NOT EXISTS `mydb`.`Kategori` (
  `idKategori` INT NOT NULL AUTO_INCREMENT,
  `namaKategori` VARCHAR(40) NOT NULL,
  PRIMARY KEY (`idKategori`),
  UNIQUE INDEX `namaKategori_UNIQUE` (`idKategori` ASC))
ENGINE = InnoDB;

--
-- Dumping data untuk tabel `kategori`
--

INSERT INTO `kategori` (`idKategori`, `namaKategori`) VALUES
(1, 'Computer Science'),
(2, 'Mathematics'),
(3, 'Physics'),
(4, 'Chemistry'),
(5, 'Biology'),
(6, 'Others');

-- -----------------------------------------------------
-- Table `mydb`.`File`
-- -----------------------------------------------------
CREATE TABLE IF NOT EXISTS `mydb`.`File` (
  `idFile` INT NOT NULL AUTO_INCREMENT,
  `namaFile` VARCHAR(40) NOT NULL,
  `linkFile` VARCHAR(40) NOT NULL,
  `extensi` VARCHAR(5) NOT NULL,
  `User_idUser` INT NOT NULL,
  PRIMARY KEY (`idFile`, `User_idUser`),
  UNIQUE INDEX `idFile_UNIQUE` (`idFile` ASC),
  INDEX `fk_File_User_idx` (`User_idUser` ASC),
  CONSTRAINT `fk_File_User`
    FOREIGN KEY (`User_idUser`)
    REFERENCES `mydb`.`User` (`idUser`)
    ON DELETE NO ACTION
    ON UPDATE NO ACTION)
ENGINE = InnoDB;

--
-- Dumping data untuk tabel `file`
--

INSERT INTO `file` (`idFile`, `namaFile`, `linkFile`, `extensi`, `User_idUser`) VALUES
(1, 'Latihan_UTS13.pdf', 'C:/xampp/htdocs/praktikum1/assets/upload', '.pdf', 1),
(2, 'Praktikum_10_Bag_1.pdf', 'C:/xampp/htdocs/praktikum1/assets/upload', '.pdf', 1),
(3, 'Praktikum_10_Bag_11.pdf', 'C:/xampp/htdocs/praktikum1/assets/upload', '.pdf', 1),
(4, '1-besaran-dan-satuan.pdf', 'C:/xampp/htdocs/praktikum1/assets/upload', '.pdf', 1),
(5, 'Tugas-1-all_Integrasi_Numerik.pdf', 'C:/xampp/htdocs/praktikum1/assets/upload', '.pdf', 1),
(6, 'BAb-_02_Deret_Taylor_dan_Analisis_Galat.', 'C:/xampp/htdocs/praktikum1/assets/upload', '.pdf', 2),
(7, 'BAb-_02_Deret_Taylor_dan_Analisis_Galat1', 'C:/xampp/htdocs/praktikum1/assets/upload', '.pdf', 2),
(8, 'Daftar_Isi.pdf', 'C:/xampp/htdocs/praktikum1/assets/upload', '.pdf', 2),
(9, 'Daftar_Isi1.pdf', 'C:/xampp/htdocs/praktikum1/assets/upload', '.pdf', 2),
(10, 'Daftar_Isi2.pdf', 'C:/xampp/htdocs/praktikum1/assets/upload', '.pdf', 2),
(11, 'Daftar_Isi3.pdf', 'C:/xampp/htdocs/praktikum1/assets/upload', '.pdf', 2),
(12, 'Daftar_Isi4.pdf', 'C:/xampp/htdocs/praktikum1/assets/upload', '.pdf', 2),
(13, 'Daftar_Isi5.pdf', 'C:/xampp/htdocs/praktikum1/assets/upload', '.pdf', 2),
(14, 'BAb-_01_Metode_Numerik_Secara_Umum.pdf', 'C:/xampp/htdocs/praktikum1/assets/upload', '.pdf', 2),
(15, 'BAb-_01_Metode_Numerik_Secara_Umum1.pdf', 'C:/xampp/htdocs/praktikum1/assets/upload', '.pdf', 2),
(16, 'BAb-_01_Metode_Numerik_Secara_Umum2.pdf', 'C:/xampp/htdocs/praktikum1/assets/upload', '.pdf', 2),
(17, 'Daftar_Pustaka.pdf', 'C:/xampp/htdocs/praktikum1/assets/upload', '.pdf', 2),
(18, 'Daftar_Pustaka1.pdf', 'C:/xampp/htdocs/praktikum1/assets/upload', '.pdf', 2),
(19, 'Daftar_Pustaka2.pdf', 'C:/xampp/htdocs/praktikum1/assets/upload', '.pdf', 2),
(20, 'Daftar_Pustaka3.pdf', 'C:/xampp/htdocs/praktikum1/assets/upload', '.pdf', 2),
(21, 'Daftar_Pustaka4.pdf', 'C:/xampp/htdocs/praktikum1/assets/upload', '.pdf', 2),
(22, 'Daftar_Pustaka5.pdf', 'C:/xampp/htdocs/praktikum1/assets/upload', '.pdf', 2),
(23, 'Daftar_Pustaka6.pdf', 'C:/xampp/htdocs/praktikum1/assets/upload', '.pdf', 2),
(24, 'Daftar_Pustaka7.pdf', 'C:/xampp/htdocs/praktikum1/assets/upload', '.pdf', 2),
(25, 'Daftar_Pustaka8.pdf', 'C:/xampp/htdocs/praktikum1/assets/upload', '.pdf', 2),
(26, 'PenelitianFaizin.pdf', 'C:/xampp/htdocs/praktikum1/assets/upload', '.pdf', 2),
(27, '3__PROSES_dan_Interupsi.pdf', 'C:/xampp/htdocs/praktikum1/assets/upload', '.pdf', 1),
(28, '3__PROSES_dan_Interupsi1.pdf', 'C:/xampp/htdocs/praktikum1/assets/upload', '.pdf', 1),
(29, 'Praktikum_10_Bag_1.pdf', 'C:/xampp/htdocs/praktikum1/assets/upload', '.pdf', 1),
(30, 'Praktikum_10_Bag_1.pdf', 'C:/xampp/htdocs/praktikum1/assets/upload', '.pdf', 1),
(31, 'Praktikum_10_Bag_1.pdf', 'C:/xampp/htdocs/praktikum1/assets/upload', '.pdf', 1),
(32, 'Praktikum_10_Bag_1.pdf', 'C:/xampp/htdocs/praktikum1/assets/upload', '.pdf', 1);

-- -----------------------------------------------------
-- Table `mydb`.`Paper`
-- -----------------------------------------------------
CREATE TABLE IF NOT EXISTS `mydb`.`Paper` (
  `idPaper` INT NOT NULL AUTO_INCREMENT,
  `namaPaper` VARCHAR(40) NOT NULL,
  `File_idFile` INT NOT NULL,
  `File_User_idUser` INT NOT NULL,
  PRIMARY KEY (`idPaper`, `File_idFile`, `File_User_idUser`),
  UNIQUE INDEX `namaPaper_UNIQUE` (`namaPaper` ASC),
  UNIQUE INDEX `idPaper_UNIQUE` (`idPaper` ASC),
  INDEX `fk_Paper_File1_idx` (`File_idFile` ASC, `File_User_idUser` ASC),
  CONSTRAINT `fk_Paper_File1`
    FOREIGN KEY (`File_idFile` , `File_User_idUser`)
    REFERENCES `mydb`.`File` (`idFile` , `User_idUser`)
    ON DELETE NO ACTION
    ON UPDATE NO ACTION)
ENGINE = InnoDB;

--
-- Dumping data untuk tabel `paper`
--

INSERT INTO `paper` (`idPaper`, `namaPaper`, `File_idFile`, `File_User_idUser`) VALUES
(2, '1-besaran-dan-satuan.pdf', 4, 1),
(23, '3__PROSES_dan_Interupsi.pdf', 27, 1),
(24, '3__PROSES_dan_Interupsi1.pdf', 28, 1),
(10, 'BAb-_01_Metode_Numerik_Secara_Umum.pdf', 14, 2),
(11, 'BAb-_01_Metode_Numerik_Secara_Umum1.pdf', 15, 2),
(12, 'BAb-_01_Metode_Numerik_Secara_Umum2.pdf', 16, 2),
(4, 'Daftar_Isi.pdf', 8, 2),
(5, 'Daftar_Isi1.pdf', 9, 2),
(6, 'Daftar_Isi2.pdf', 10, 2),
(7, 'Daftar_Isi3.pdf', 11, 2),
(8, 'Daftar_Isi4.pdf', 12, 2),
(9, 'Daftar_Isi5.pdf', 13, 2),
(13, 'Daftar_Pustaka.pdf', 17, 2),
(14, 'Daftar_Pustaka1.pdf', 18, 2),
(15, 'Daftar_Pustaka2.pdf', 19, 2),
(16, 'Daftar_Pustaka3.pdf', 20, 2),
(17, 'Daftar_Pustaka4.pdf', 21, 2),
(18, 'Daftar_Pustaka5.pdf', 22, 2),
(19, 'Daftar_Pustaka6.pdf', 23, 2),
(20, 'Daftar_Pustaka7.pdf', 24, 2),
(21, 'Daftar_Pustaka8.pdf', 25, 2),
(22, 'PenelitianFaizin.pdf', 26, 2),
(25, 'Praktikum_10_Bag_1.pdf', 2, 1),
(1, 'Praktikum_10_Bag_11.pdf', 3, 1),
(3, 'Tugas-1-all_Integrasi_Numerik.pdf', 5, 1);

-- -----------------------------------------------------
-- Table `mydb`.`User_has_Paper`
-- -----------------------------------------------------
CREATE TABLE IF NOT EXISTS `mydb`.`User_has_Paper` (
  `User_idUser` INT NOT NULL,
  `Paper_idPaper` INT NOT NULL,
  `isWishlist` TINYINT NOT NULL DEFAULT 0,
  `isReadHistory` TINYINT NOT NULL DEFAULT 0,
  PRIMARY KEY (`User_idUser`, `Paper_idPaper`),
  INDEX `fk_User_has_Paper_Paper1_idx` (`Paper_idPaper` ASC),
  INDEX `fk_User_has_Paper_User1_idx` (`User_idUser` ASC),
  CONSTRAINT `fk_User_has_Paper_User1`
    FOREIGN KEY (`User_idUser`)
    REFERENCES `mydb`.`User` (`idUser`)
    ON DELETE NO ACTION
    ON UPDATE NO ACTION,
  CONSTRAINT `fk_User_has_Paper_Paper1`
    FOREIGN KEY (`Paper_idPaper`)
    REFERENCES `mydb`.`Paper` (`idPaper`)
    ON DELETE NO ACTION
    ON UPDATE NO ACTION)
ENGINE = InnoDB;

--
-- Dumping data untuk tabel `user_has_paper`
--

INSERT INTO `user_has_paper` (`User_idUser`, `Paper_idPaper`, `isWishlist`, `isReadHistory`) VALUES
(1, 2, 1, 0),
(1, 5, 1, 0),
(1, 22, 0, 1),
(1, 23, 0, 1),
(2, 1, 1, 0);

-- -----------------------------------------------------
-- Table `mydb`.`Paper_has_Kategori`
-- -----------------------------------------------------
CREATE TABLE IF NOT EXISTS `mydb`.`Paper_has_Kategori` (
  `Paper_idPaper` INT NOT NULL,
  `Kategori_idKategori` INT NOT NULL,
  PRIMARY KEY (`Paper_idPaper`, `Kategori_idKategori`),
  INDEX `fk_Paper_has_Kategori_Kategori1_idx` (`Kategori_idKategori` ASC),
  INDEX `fk_Paper_has_Kategori_Paper1_idx` (`Paper_idPaper` ASC),
  CONSTRAINT `fk_Paper_has_Kategori_Paper1`
    FOREIGN KEY (`Paper_idPaper`)
    REFERENCES `mydb`.`Paper` (`idPaper`)
    ON DELETE NO ACTION
    ON UPDATE NO ACTION,
  CONSTRAINT `fk_Paper_has_Kategori_Kategori1`
    FOREIGN KEY (`Kategori_idKategori`)
    REFERENCES `mydb`.`Kategori` (`idKategori`)
    ON DELETE NO ACTION
    ON UPDATE NO ACTION)
ENGINE = InnoDB;

--
-- Dumping data untuk tabel `paper_has_kategori`
--

INSERT INTO `paper_has_kategori` (`Paper_idPaper`, `Kategori_idKategori`) VALUES
(12, 3),
(13, 3),
(21, 1),
(21, 2),
(21, 3),
(22, 1),
(22, 3),
(22, 4),
(23, 2),
(23, 3),
(23, 4),
(23, 5),
(24, 1),
(24, 2),
(25, 1);

SET SQL_MODE=@OLD_SQL_MODE;
SET FOREIGN_KEY_CHECKS=@OLD_FOREIGN_KEY_CHECKS;
SET UNIQUE_CHECKS=@OLD_UNIQUE_CHECKS;
